slug,player_id
m099,thomas-muster
a031,jimmy-arias
b350,sergi-bruguera
f031,jean-philippe-fleurian
k021,mark-kratzmann
k016,mark-koevermans
s351,michael-stich
p043,jerome-potier
r023,udo-riglewski
v037,alexander-volkov
a027,paul-annacone
s021,michiel-schapers
r214,marc-rosset
d049,broderick-dyke
f028,john-fitzgerald
k030,patrik-kuhnen
s014,emilio-sanchez
r016,richey-reneberg
c012,paolo-cane
n025,karel-novacek
c031,andrei-chesnokov
f164,richard-fromberg
b051,gilad-bloom
w001,lars-anders-wahlgren
a163,johan-anderson
c029,paul-chamberlin
b021,jeremy-bates
b040,christian-bergstrom
d022,bruce-derlin
h029,thomas-hogstedt
j084,lars-jonsson
p004,veli-paloheimo
n022,yannick-noah
s080,carl-uwe-steeb
k023,aaron-krickstein
w023,mats-wilander
l018,ivan-lendl
b028,boris-becker
s402,pete-sampras
w123,david-wheaton
c009,omar-camporese
c260,andrei-cherkasov
f035,guy-forget
i034,goran-ivanisevic
k133,niclas-kroon
m030,wally-masur
d004,scott-davis
k024,ramesh-krishnan
m012,amos-mansdorf
g182,magnus-gustafsson
c046,grant-connell
g055,steve-guy
l010,glenn-layendecker
d015,olivier-delaitre
g022,dan-goldie
s321,brett-steven
e004,stefan-edberg
p024,mikael-pernfors
m047,john-mcenroe
g023,andres-gomez
y002,simon-youl
m052,miloslav-mecir-sr.
s101,jonas-svensson
w035,mark-woodforde
l014,henri-leconte
s015,javier-sanchez
w136,todd-woodbridge
c243,jim-courier
a006,ronald-agenor
a028,alex-antonitsch
a034,jordi-arrese
b298,neil-borwick
c216,tomas-carbonell
d040,brad-drewett
j018,kelly-jones
k148,petr-korda
l206,magnus-larsson
l009,leonardo-lavalle
o006,nduka-odizor
o018,bruno-oresar
p218,nicolas-pereira
p235,stefano-pescosolido
p037,claudio-pistolesi
s102,andrew-sznajder
v014,christo-van-rensburg
w026,eric-winogradsky
w144,jens-woehrmann
w038,martin-wostenholme
m041,tim-mayotte
s072,milan-srejber
h025,jakob-hlasek
j008,eric-jelen
z045,markus-zoecke
c028,thierry-champion
s055,horst-skoff
a092,andre-agassi
w029,todd-witsken
g039,jim-grabb
r029,joey-rive
m096,gary-muller
d044,lawson-duncan
g196,chris-garner
r043,derrick-rostagno
w019,tim-wilkison
j004,martin-jaite
m035,luiz-mattar
b035,eduardo-bengoechea
h027,alexandre-hocevar
b281,jay-berger
m092,cassio-motta
k013,ivan-kley
v036,paul-vojtischek
t129,mario-tabares
a172,alejandro-aramburu
b330,peter-ballauff
d008,horacio-de-la-pena
m412,gabriel-markus
n016,miguel-nido
r027,harald-rittersbacher
s358,john-sobel
g016,brad-gilbert
c057,kevin-curren
y017,jaime-yzaga
h223,paul-haarhuis
l041,jorge-lozano
s045,leif-shiras
l044,peter-lundgren
v002,marian-vajda
e025,kelly-evernden
b074,jimmy-brown
d024,steve-devries
m032,richard-matuszewski
n018,tom-nijssen
p052,jim-pugh
a007,juan-aguilera
p050,goran-prpic
r193,aki-rahunen
w133,bart-wuyts
s328,martin-strelba
t010,michael-tauson
z006,slobodan-zivojinovic
v032,danie-visser
w124,malivai-washington
f165,marcelo-filippini
c001,darren-cahill
f029,ken-flach
p171,brian-page
p021,diego-perez
s340,roger-smith
g053,jan-gunnarsson
p014,brad-pearce
c252,francisco-clavet
m338,shuzo-matsuoka
p190,guillermo-perez-roldan
t032,thierry-tulasne
a040,roberto-azar
l043,fernando-luna
u020,nicklas-utgren
d006,franco-davin
b037,tarik-benhabiles
s380,bryan-shelton
t136,jeff-tarango
e061,david-engel
j006,anders-jarryd
r186,guillaume-raoux
s424,fabrice-santoro
t125,kenny-thorne
p012,david-pate
h285,alexis-hombrecher
s331,jason-stoltenberg
r042,john-ross
g212,brian-garrow
c043,simone-colombo
l008,martin-laurendeau
b293,patrick-baur
a030,roberto-arguello
b113,nick-brown
p045,gianluca-pozzi
p048,chris-pridham
r036,fernando-roese
c274,michael-chang
m048,patrick-mcenroe
m093,alexander-mronz
r049,joseph-russell
c011,jonathan-canter
c018,johan-carlsson
l026,david-lewis
m372,alberto-mancini
c179,carlos-costa
l202,german-lopez
c023,pat-cash
p226,cedric-pioline
b084,juan-carlos-baguena
g028,marcos-aurelio-gorriz
s381,jan-siemerink
p222,mark-petchey
k150,mark-kaplan
c006,craig-campbell
w011,robbie-weiss
c035,massimo-cierro
f192,renzo-furlan
n109,diego-nargiso
b080,damir-buljevic
m197,nuno-marques
r177,francisco-roig
d190,xavier-daufresne
b053,arnaud-boetsch
k181,nicklas-kulti
c013,francesco-cancellotti
g199,stephane-grenier
r012,pedro-rebolledo
s404,danny-sapsford
h191,henrik-holm
g174,bret-garnett
a141,jose-francisco-altur
f196,wayne-ferreira
b075,neil-broad
h155,per-henricsson
n205,magnus-nilsson
a066,pieter-aldrich
l013,rick-leach
m442,todd-martin
w028,jorgen-windahl
b401,steve-bryan
o098,marcos-ondruska
p233,jared-palmer
t012,eliot-teltscher
v096,eduardo-velez
w122,paul-wekesa
m031,eduardo-masso
c024,sergio-casal
o026,ricki-osterthun
p254,dinu-pescariu
s288,christian-saceanu
s367,martin-sinner
m063,claudio-mezzadri
d198,slava-dosedel
y003,francisco-yunis
h274,sasa-hirszon
k234,jan-kodes-jr.
k156,kent-kinnear
s034,robert-seguso
c270,cristiano-caratti
c249,carlos-claverie
h228,luis-herrera
h251,tommy-ho
m399,francisco-montana
a035,pablo-arraya
p206,paolo-pambianco
a199,chuck-adams
o009,andrei-olhovskiy
l030,carl-limberger
n099,tomas-nydahl
i003,marcelo-ingaramo
c276,jose-antonio-(pepe)-conde
m353,scott-melville
b001,mansour-bahrami
s443,sandon-stolle
b025,tasos-bavelas
t112,ryuso-tsujino
k238,gil-kovalski
n005,amit-naor
n100,piet-norval
p018,shahar-perkiss
r032,michael-robertson
p198,dimitri-poliakov
b267,rikard-bergh
m028,danilo-marcelino
e106,jacco-eltingh
c113,joao-cunha-silva
f041,javier-frana
s410,marcelo-saliola
r224,maurice-ruah
o076,jaime-oncins
k214,richard-krajicek
g108,rodolphe-gilbert
a149,pablo-albano
m443,fernando-meligeni
b397,byron-black
f206,frederik-fetterlein
c044,jimmy-connors
w177,david-witt
b168,felix-barrientos
m064,glenn-michibata
s405,john-stimpson
j096,seung-ho-ji
b305,karsten-braasch
c321,eui-jong-chang
d051,girts-dzelde
o015,menno-oosting
p269,leander-paes
m069,christian-miniussi
s427,martin-stringari
k172,mark-keil
v098,andres-vysand
n013,todd-nelson
t135,arne-thoms
m475,andrei-medvedev
v141,daniel-vacek
k022,johan-kriek
r254,alexander-reichel
s403,jonathan-stark
k202,lars-koslowski
s406,grant-stafford
k171,mark-knowles
s377,john-sullivan
l226,sebastien-lareau
z039,markus-zillner
v055,richard-vogel
b317,thomas-buchmayer
m435,gerald-mandl
f200,frederic-fontang
n110,libor-nemecek
o086,daniel-orsanic
k237,karol-kucera
p032,libor-pimek
n201,clement-n'goran
o099,alex-o'brien
a224,patricio-arnold
s454,stephane-simian
c246,andrew-castle
j100,michael-joyce
b439,pierre-bouteyre
p213,laurent-prades
d214,martin-damm
a042,ricardo-acioly
a005,nelson-aerts
d002,jose-daher
j085,roberto-jabali
m059,mauro-menezes
r216,felipe-rivera
z032,joao-zwetsch
a183,carsten-arriens
m481,miguel-merz
c278,jason-cask
m408,jamie-morgan
e113,thomas-enqvist
k067,wojtek-kowalski
n107,peter-nyborg
a176,jan-apell
r203,david-rikl
w121,raviv-weidenfeld
n210,daniel-nestor
h232,rudiger-haas
z037,tomas-anzari
n117,markus-naewie
r170,roger-rasheed
f204,oliver-fernandez
d191,david-dilucia
p273,david-prinosil
k190,bernd-karbacher
c328,kenneth-carlsen
b302,martin-blackman
b428,alberto-berasategui
e121,younes-el-aynaoui
m463,javier-molina
u024,kevin-ullyett
m105,daniel-marco
b407,nicola-bruno
b429,jordi-burillo
c344,alex-corretja
t166,mikael-tillstrom
k223,chi-wan-kim
g231,thierry-guardiola
r280,lionel-roux
s315,gilbert-schaller
p176,philippe-pech
w150,chris-wilkinson
w171,fernon-wibier
s079,branislav-stankovic
r194,stephan-rhode
m448,brian-macphie
k219,robbie-koenig
r236,dave-randall
r237,greg-rusedski
g252,marc-kevin-goellner
v161,juan-albert-viloca-puig
n101,david-nainkin
s291,richard-schmidt
g200,vladimir-gabrichidze
k183,florian-krumrey
s360,stephane-sansoni
f174,buff-farrow
d177,brian-devening
d265,brian-dunn
g304,juan-gisbert-jr
b308,lan-bale
d227,grant-doyle
g239,pier-gauthier
v136,milen-velev
w134,bing-chao-lin
g063,thomas-gollwitzer
m515,alejo-mancisidor
k267,yevgeny-kafelnikov
m440,andrei-merinov
p208,bent-ove-pedersen
t195,michael-tebbutt
r273,joern-renzenbrink
d210,heath-denman
k162,ralph-kok
m130,agustin-moreno
e116,keith-evans
b446,jonas-bjorkman
c034,morten-christensen
c250,sergio-cortes
s544,vincent-spadea
a203,karim-alami
f191,doug-flach
d228,filip-dewulf
m411,clinton-marsh
k266,hideki-kaneko
c383,roberto-carretero
d207,dirk-dier
s276,ulf-stenlund
y033,yong-il-yoon
s459,han-cheol-shin
s523,gerard-solves
g254,andrea-gaudenzi
n112,sandor-noszaly
v154,massimo-valeri
h284,stephane-huet
v139,mario-visconti
m549,ross-matheson
t168,laurence-tieleman
e122,joshua-eagle
k244,paul-kilderry
d249,hendrik-dreekmann
b322,chris-bailey
n233,dick-norman
f222,andrew-foster
r255,patrick-rafter
m480,miles-maclagan
r219,christian-ruud
h256,mauricio-hadad
k240,nicolas-kischkewitz
s507,federico-sanchez
a190,emilio-benfele-alvarez
s552,david-skoch
n254,jiri-novak
p272,german-puentes
s545,sargis-sargsian
w212,chris-woodruff
r243,eyal-ran
k154,jozsef-krocsko
j129,thomas-johansson
m085,peter-moraing
e135,eyal-erlich
j098,donald-johnson
s496,ofer-sela
b403,lionel-barthez
d098,yahiya-doumbia
c378,albert-costa
v167,johan-van-herck
f236,axel-finnberg
g287,james-greenhalgh
c375,marcelo-charpentier
l229,brent-larkham
d170,hendrik-jan-davids
b438,roland-burtscher
g292,louis-gloria
r285,lars-rehmann
r240,juan-luis-rascon-lope
m513,oscar-martinez
c336,emanuel-couto
g319,jerome-golmard
f185,ellis-ferreira
h336,tim-henman
r286,marcelo-rios
g297,oliver-gross
m564,wade-mcguire
g236,juan-garat
m401,federico-mordegan
v151,radomir-vasek
g216,agustin-garizzio
g334,giorgio-galimberti
a177,david-adams
s572,sjeng-schalken
s649,wolfgang-schranz
l075,luis-lobo
b523,bill-barber
l249,sule-ladipo
w161,joost-winnink
a181,massimo-ardinghi
w200,herbert-wiltschnig
k205,ola-kristiansson
c355,steve-campbell
v170,christophe-van-garsse
l231,alex-lopez-moron
b499,wayne-black
p338,mark-philippoussis
g247,hernan-gumy
m576,ignacio-martinez
p280,andrei-pavel
b334,gilles-bastie
t133,miguel-tobon
b323,jaroslav-bulant
r159,mario-rincon
m221,adam-malik
c308,albert-chang
s535,razvan-sabau
k068,bong-soo-kim
r284,alex-radulescu
e152,jonathan-erlich
v166,adrian-voinea
e138,gaston-etlis
s568,franco-squillari
d279,steven-downs
g235,sander-groen
b484,lars-burgsmuller
k296,jan-kroslak
a226,hicham-arazi
s442,mikael-stadling
j009,luke-jensen
u032,bohdan-ulihrach
h346,alejandro-hernandez
g250,michael-geserer
k316,nicolas-kiefer
m383,t.j.-middleton
m535,felix-mantilla
g288,neville-godwin
j093,howard-joffe
d270,scott-draper
m570,kotaro-miyachi
n243,stephen-noteboom
m531,gouichi-motomura
c369,marcio-carlsson
g285,kris-goossens
p305,albert-portas
p263,bing-pan
l311,hyung-taik-lee
b455,corrado-borroni
b434,ivan-baron
c372,massimo-calvelli
p173,pietro-pennisi
i052,andrew-ilie
m605,carlos-moya
n250,magnus-norman
w224,rogier-wassen
i047,jose-imaz-ruiz
m510,daniele-musa
r200,vaclav-roubicek
z073,mariano-zabaleta
o127,oleg-ogorodov
v207,jiri-vanek
g354,justin-gimelstob
l290,nicolas-lapentti
m506,luis-adrian-morejon
e140,nicolas-escude
b440,noam-behr
h351,maxime-huard
b518,galo-blanco
e143,ben-ellwood
t156,peter-tramacchi
k193,tom-kempers
v147,frederic-vitoux
e146,tamer-el-sawy
m548,fabio-maggi
m406,bernardo-mota
b471,mahesh-bhupathi
a202,wayne-arthurs
s550,takao-suzuki
t206,ignacio-truyol
s614,victor-sendin
v195,fernando-vicente
b435,bill-behrens
m590,alberto-martin
t243,michal-tabara
k293,gustavo-kuerten
c314,daniel-courcol
h340,chris-haggard
s585,jimy-szymanski
d291,jacobo-diaz
m607,luke-milligan
n230,mose-navarra
b347,colin-beecher
s630,alexandre-strambini
f278,patrik-fredriksson
g300,geoff-grant
b390,daniele-balducci
h364,markus-hipfl
m511,filippo-messori
o102,oscar-ortiz
s559,dennis-van-scheppingen
d272,antony-dupuis
h355,tommy-haas
s564,jeff-salzenstein
k310,stefan-koubek
l360,ivan-ljubicic
c400,gregory-carraz
w208,nir-welgreen
c329,pablo-campana
v176,filippo-veglio
m600,ion-moldovan
p324,sebastian-prieto
z059,andy-zingman
a228,lucas-arnold-ker
d316,ramon-delgado
d253,federico-dondo
m543,marzio-martelli
s519,orlin-stanoytchev
s548,gabriel-silberstein
h377,dominik-hrbaty
g352,jan-michael-gambill
m614,cecil-mamiit
k260,jens-knippschild
c487,arnaud-clement
a272,julian-alonso
m471,mark-merklein
c439,marcello-craca
m578,juan-antonio-marin
c457,francisco-cabello
s636,rainer-schuettler
m445,marco-meneschincheri
r266,andrew-richardson
r251,martin-rodriguez
s465,davide-scala
t231,clemens-trimmel
n259,salvador-navarro
l333,martin-lee
m478,joaquin-munoz-hernandez
v201,john-van-lottum
l257,todd-larkham
s751,marcus-sarstrand
s765,luke-smith
h331,marcus-hilpert
c366,david-caballero
w217,glenn-weiner
l227,sebastien-leblanc
s480,davide-sanguinetti
c433,guillermo-canas
s601,michael-sell
s688,andrei-stoliarov
s413,vincenzo-santopadre
b545,tomas-behrend
h380,ivo-heuberger
s604,andre-sa
p372,mariano-puerta
h432,lleyton-hewitt
v175,christian-vinck
h297,alistair-hunt
n267,mark-nielsen
g379,sebastien-grosjean
b503,george-bastl
b562,jean-francois-bachelot
s741,marat-safin
k297,tuomas-ketola
c361,alex-calatrava
a270,charles-auffray
d357,arnaud-di-pasquale
s608,attila-savolt
b510,allen-belobrajdic
b517,oscar-burrieza-lopez
i054,satoshi-iwabuchi
m680,xavier-malisse
s676,oscar-serrano
b599,julien-boutter
m323,jordi-mas
m595,max-mirnyi
w254,peter-wessels
b570,daniele-bracciali
v211,vladimir-voltchkov
d206,mark-draper
c407,david-caldwell
s600,thomas-schiessling
c447,stefano-cobolli
u030,borut-urh
k290,bobby-kokavec
l327,thomas-larsen
v232,martin-verkerk
h322,mariano-hood
b588,bob-bryan
l336,harel-levy
k257,michael-kohlmann
d362,taylor-dent
g333,paul-goldstein
p389,jean-baptiste-perlant
v205,dusan-vemic
f324,roger-federer
b487,juan-balcells
s693,raemon-sluiter
m588,eduardo-medica
k284,igor-kornienko
j148,fredrik-jonsson
k317,edwin-kempes
h349,michael-hill
f316,juan-carlos-ferrero
v250,andreas-vinciguerra
s675,paradorn-srichaphan
r419,tommy-robredo
s694,radek-stepanek
t199,gabriel-trifu
c463,rodolphe-cadart
n238,eduardo-nicolas
h366,markus-hantschk
z074,tomas-zib
r336,christophe-rochus
g374,gaston-gaudio
c478,agustin-calleri
s648,martin-spottl
m551,lorenzo-manta
z072,nenad-zimonjic
d289,jamie-delgado
p398,arvind-parmar
b676,james-blake
p436,bjorn-phau
l292,ville-liukko
s626,james-sekulov
p353,axel-pretzsch
t209,eric-taino
g415,fernando-gonzalez
p491,kristian-pless
w214,mashiska-washington
p350,solon-peppas
l353,petr-luxa
l386,jean-rene-lisnard
p395,alexander-popp
m762,jurgen-melzer
s681,cyril-saulnier
p387,dejan-petrovic
l428,michael-llodra
m655,nicolas-massu
c514,juan-ignacio-chela
g414,adrian-garcia
b589,mike-bryan
k319,michel-kratochvil
f339,mardy-fish
r485,andy-roddick
c476,nicolas-coutelot
w247,reginald-willems
c524,guillermo-coria
b516,federico-browne
r368,michael-russell
e141,werner-eschauer
y061,mikhail-youzhny
c387,barry-cowan
r397,olivier-rochus
b645,justin-bower
e155,daniel-elsner
d402,nikolay-davydenko
r388,sergio-roitman
s677,david-sanchez
l395,federico-luzzi
m850,paul-henri-mathieu
l334,simon-larose
c522,kristian-capalik
k358,kevin-kim
k349,petr-kralert
t261,stefano-tarallo
f290,kalle-flygt
f299,leos-friedl
t228,nicolas-thomann
f360,jonas-froberg
o151,johan-ortegren
c627,lee-childs
s721,alexandre-simoni
n301,david-nalbandian
a311,hugo-armando
h365,ignacio-hirigoyen
m873,nicolas-mahut
l397,feliciano-lopez
t315,dmitry-tursunov
a389,jose-acasuso
s876,flavio-saretta
m824,albert-montanes
t240,ivaylo-traykov
a276,jan-frode-andersen
e169,gilles-elseneer
a293,yves-allegro
s709,johan-settergren
l480,marc-lopez
m640,olivier-mutis
h390,luis-horna
k308,vadim-kutsenko
m760,oliver-marach
p467,alexander-peya
v220,jan-vacek
g569,robby-ginepri
l439,irakli-labadze
c556,carlos-cuadrado
o133,noam-okun
k379,alex-kim
b660,jack-brasington
r383,ruben-ramirez-hidalgo
m708,ricardo-mello
t277,takahiro-terachi
u043,danai-udomchoke
f292,ota-fukarek
k457,hiroki-kondo
b747,julien-benneteau
n289,jarkko-nieminen
sa49,robin-soderling
k263,julian-knowle
g372,stefano-galvani
k336,ivo-karlovic
g436,marc-gicquel
s877,julio-silva
m805,jeff-morrison
e159,mounir-el-aarej
g628,richard-gasquet
k313,zeljko-krajan
p524,didac-perez
n409,rafael-nadal
d351,sebastien-de-chaunac
h385,amir-hadad
a385,mario-ancic
b804,karol-beck
w300,alexander-waske
b619,thomas-blake
v303,brian-vahaly
f313,gorka-fraile
f401,david-ferrer
h528,victor-hanescu
r421,mario-radic
b842,alex-bogomolov-jr.
v306,fernando-verdasco
d499,frank-dancevic
g400,juan-giner
j194,joachim-johansson
v309,kristof-vliegen
l515,peter-luczak
g386,jaymon-crabb
s673,joseph-sirianni
v206,julien-varlet
f337,zack-fleishman
d339,marcos-daniel
g375,hermes-gamonal
m714,edgardo-massa
a391,maximilian-abel
m783,ivan-miranda
k448,robert-kendrick
l430,giovanni-lapentti
p487,eric-prodon
v254,filippo-volandri
c445,frantisek-cermak
k435,philipp-kohlschreiber
r583,todd-reid
b929,alex-bogdanovic
d424,rik-de-voest
m759,wesley-moodie
n291,frederic-niemeyer
b681,paul-baccanello
r364,bjorn-rehnquist
g621,chris-guccione
h472,oscar-hernandez
w367,stan-wawrinka
mb27,florin-mergea
a487,prakash-amritraj
d438,amer-delic
r548,rajeev-ram
t742,janko-tipsarevic
t760,sasa-tuksar
ba47,tomas-berdych
a511,igor-andreev
a356,thierry-ascione
v239,diego-veronelli
a479,nicolas-almagro
t332,tomas-tenconi
i063,tasuku-iwami
p624,philipp-petzschner
h210,fred-hemmes
ma30,gilles-muller
p488,olivier-patience
mb02,florian-mayer
h469,kj-hippensteel
c585,tomas-cakl
ba23,brian-baker
ma21,juan-monaco
h442,jan-hernych
r630,diogo-rocha
r612,stephane-robert
d469,nicolas-devilder
p642,boris-pashanski
v251,santiago-ventura
g483,juan-pablo-guzman
v339,simone-vagnozzi
k551,daniel-koellerer
s843,potito-starace
j164,julien-jeanpierre
h435,jerome-haehnel
f444,alejandro-falla
g476,guillermo-garcia-lopez
c582,marco-chiudinelli
sa93,andreas-seppi
l575,yen-hsun-lu
f436,ian-flanagan
m983,jonathan-marray
w272,wesley-whitehouse
h448,mark-hilton
ba86,andreas-beck
v258,martin-vassallo-arguello
ma41,ivo-minar
s809,yuri-schukin
s963,florent-serra
k540,lukasz-kubot
b837,marcos-baghdatis
t786,jo-wilfried-tsonga
l660,hao-lu
d643,novak-djokovic
b699,matias-boeker
r613,edouard-roger-vasselin
v267,melle-van-gemerden
z096,ben-qiang-zhu
w373,jimmy-wang
k403,igor-kunitsyn
mc65,gael-monfils
r632,michael-ryderstedt
v256,uros-vico
r483,bobby-reynolds
h431,nathan-healey
g681,teymuraz-gabashvili
sc92,peng-sun
w359,todd-widom
sc77,sergiy-stakhovsky
sd32,gilles-simon
n309,ivan-navarro
f303,francisco-fogues
m776,michal-mertinak
d487,lukas-dlouhy
v247,robin-vik
mc10,andy-murray
r616,travis-rettenmaier
d330,alessio-di-mauro
s818,david-sherwood
ba57,ilija-bozoljac
c660,adam-chadaj
j290,scoville-jenkins
r399,andy-ram
c634,paul-capdeville
l523,michael-lammer
m815,toshihide-matsui
w291,yu-jr.-wang
g512,denis-gremelmayr
a340,francesco-aldi
k371,roko-karanusic
e196,rainer-eitzinger
b678,michael-berrer
b757,rohan-bopanna
f344,jean-christophe-faurel
g511,simon-greul
g676,daniel-gimeno-traver
a457,jorge-aguilar
d683,juan-martin-del-potro
m812,gustavo-marcaccio
c977,marin-cilic
k760,evgeny-korolev
w360,brian-wilson
w361,sam-warburg
m836,dominik-meffert
g602,andre-ghem
g531,mohammad-ghareeb
k512,ivo-klec
q927,sam-querrey
b884,carlos-berlocq
b946,benjamin-balleret
s773,slimane-saoudi
t200,mehdi-tahiri
g717,fred-gil
ca12,jeremy-chardy
k436,dieter-kindlmann
mb84,mathieu-montcourt
z168,mischa-zverev
b896,benjamin-becker
b977,richard-bloomfield
a410,thiago-alves
h502,diego-hartfield
j214,diego-junqueira
d776,thiemo-de-bakker
f510,fabio-fognini
h804,andreas-haider-maurer
o252,scott-oudsema
i097,stefano-ianni
s842,andrea-stoppini
k409,phillip-king
sg87,ryan-sweeting
p701,michal-przysiezny
h571,jan-hajek
g527,luka-gregorc
c856,victor-crivoi
l702,mikhail-ledovskikh
a373,james-auckland
n437,gianluca-naso
t840,viktor-troicki
c611,tobias-clemens
k776,konstantin-kravchuk
g858,ernests-gulbis
a503,musaad-al-jazzaf
a656,guillermo-alcaide
ba53,jamie-baker
bc11,sergei-bubka
m915,daniel-munoz-de-la-nava
mc81,jamie-murray
j233,alun-jones
r704,karan-rastogi
e160,konstantinos-economidis
ba98,simone-bolelli
g725,santiago-giraldo
i090,pavel-ivanov
j263,woong-sun-jun
sd56,robert-smeets
r685,lukas-rosol
r628,laurent-recouderc
s944,simon-stadler
sf89,rubin-statham
k737,alex-kuznetsov
sc56,dudi-sela
l797,lukas-lacko
m820,alan-mackin
s990,tobias-summerer
t323,nicolas-tourte
g753,david-guez
g806,andrey-golubev
b752,stephane-bohli
p567,filip-prpic
a303,leonardo-azzaro
c723,flavio-cipolla
e690,matthew-ebden
f375,marc-fornell-mestres
md56,leonardo-mayer
mb49,nicholas-monroe
o234,wayne-odesnik
w387,jesse-witten
l799,jesse-levine
c577,ladislav-chramosta
d551,farrukh-dustov
j365,petar-jelenic
z189,grega-zemlja
h704,jesse-huta-galung
e678,jonathan-eysseric
sd78,alexandre-sidorenko
h756,robin-haase
se66,eduardo-schwank
a596,pablo-andujar
sg56,daniel-dutra-da-silva
f364,mariusz-fyrstenberg
g710,marcel-granollers
d801,alexandr-dolgopolov
h693,ricardo-hocevar
v298,cristian-villagran
mf57,michael-mcclune
m778,david-martin
p470,travis-parrott
w413,chris-wettengel
cb65,darrin-cohen
l391,jaroslav-levinsky
p552,christoph-palmanshofer
t213,jim-thomas
w312,brad-weston
z166,jason-zimmermann
b764,juan-pablo-brzezicki
pc11,guido-pella
d385,benedikt-dorsch
r607,bruno-rosa
m794,jason-marshall
l580,scott-lipsky
p735,lars-poerschke
g695,augustin-gensse
bd06,roberto-bautista-agut
be81,alen-bisevac
e243,david-estruch
r772,albert-ramos-vinolas
r709,bruno-rodriguez
r640,hector-ruiz-cadenas
l503,paolo-lorenzi
k624,bastian-knittel
o207,lamine-ouahab
sb28,carlos-salamanca
u061,adrian-ungur
bc65,matthias-bachinger
bc72,daniel-brands
mf04,marc-meigel
sd69,louk-sorensen
j259,andis-juska
sb34,alexander-satschko
r782,julian-reister
t264,marko-tkalec
z161,marcel-zimmermann
c882,pablo-cuevas
d556,brian-dabul
c546,teodor-dacian-craciun
g585,maximo-gonzalez
k966,martin-klizan
o195,thomas-oger
q019,aisam-ul-haq-qureshi
j230,rameez-junaid
s713,franz-stauder
l384,daniel-lencina-ribes
m935,philipp-marx
s799,pavel-snobel
n390,frederik-nielsen
m919,marcelo-melo
m975,james-may
r646,tom-rushby
w503,james-ward
k667,michel-koning
m844,marcin-matkowski
b547,bart-beks
k364,jordan-kerr
n425,alexander-nonnekes
sj63,thomas-schoorel
g744,josh-goodall
sc40,ken-skupski
e254,brendan-evans
cb14,daniel-cox
e687,daniel-evans
sd01,phillip-simmonds
si57,daniel-smethurst
t965,sean-thornley
sc47,go-soeda
c968,marco-crugnola
ca22,pavol-cervenak
sc73,rogerio-dutra-silva
e673,chris-eaton
l657,gary-lugassy
sc95,bartolome-salva-vidal
d646,ivan-dodig
g917,mathieu-guenat
h789,willem-hornikx
mg54,yann-marti
n511,frederic-nussbaum
t867,erling-tveit
k870,daniel-kumlin
a305,jacob-adaktusson
f593,robin-fahgen
bc71,jonas-berg
b908,johan-brunstrom
e634,mikael-ekman
e639,ervin-eleskovic
f502,pablo-figueroa
mg96,rasmus-moller
pa15,juho-paukku
t957,nathan-thompson
bc68,philip-bester
h624,ryan-haviland
f580,martin-fischer
n552,kei-nishikori
bd59,carsten-ball
r853,nima-roshan
ta21,ryan-thacher
v510,kaes-van't-hof
y100,robert-yim
d632,steve-darcis
mc18,denis-matsukevich
v457,nick-van-der-meer
g608,javier-genaro-martinez
g450,ralph-grambow
w483,boy-westerhof
p529,giancarlo-petrazzuolo
e679,joe-epkey
k891,justin-kronauge
mb99,vahid-mirzadeh
pb59,ryan-preston
sc63,sunil-kumar-sipaeya
t995,jonathan-tragardh
r750,pere-riba
r511,predrag-rusevski
sf76,franko-skugor
f434,alejandro-fabbri
bc62,enrico-burzi
mf09,nikola-mektic
se15,david-savic
sh08,marek-semjan
s772,ladislav-svarc
t310,goran-tosic
i186,john-isner
d616,somdev-devvarman
cc60,piotr-cialkowski
g978,marcin-gawron
pc65,jakub-piter
d686,pierre-ludovic-duclos
y124,donald-young
a678,kevin-anderson
k922,roy-kalmanovich
y070,michael-yani
e212,bruno-echagaray
t296,gabriel-trujillo-soler
d617,ryler-deheart
i145,kyu-tae-im
m800,jan-minar
n334,eric-nunez
w306,stefan-wauters
z184,horacio-zeballos
z151,shao-xuan-zeng
c813,ti-chen
r518,sanchai-ratiwatana
n430,hyun-woo-nam
g880,wan-gao
g905,peng-gao
r519,sonchat-ratiwatana
g493,catalin-ionut-gard
a392,artemon-apostu-efremov
a502,juan-martin-aranguren
t749,horia-tecau
cb04,alin-mihai-constantin
l872,petru-alexandru-luncanu
sg00,victor-stanica
l836,nick-lindahl
sg66,peerakiat-siriluethaiwattana
c493,jeff-coetzee
d684,weerapat-doakmaiklee
i230,tatsuma-ito
sg79,navdeep-singh
r823,purav-raja
bf55,yuki-bhambri
g716,rohan-gajjar
l719,tushar-liberhan
w541,akash-wagh
s813,jean-claude-scherrer
a478,jae-sung-an
s760,norikazu-sugiyama
v311,roman-valent
i165,denis-istomin
m808,julien-maes
m902,julien-mathieu
y117,pierrick-ysern
z104,lovro-zovko
k839,tobias-kamke
ma38,jan-mertl
k777,evgeny-kirillov
k926,mikhail-kukushkin
me89,illya-marchenko
r790,valery-rudnev
v296,dmitry-vlasov
ba65,dustin-brown
f480,mohammed-fetov
l801,dusan-lojda
k596,alexander-kudryavtsev
d864,evgeny-donskoy
ka74,vladimir-karusevich
o264,josselin-ouanna
a499,omar-alawadhi
ba08,alberto-brizzi
sd23,artem-sitak
a536,stephen-amritraj
g435,mustafa-ghouse
k461,kamala-kannan
c967,andrew-coelho
j284,g.d.-jones
v377,adam-vejmelka
mb88,matwe-middelkoop
l513,miguel-angel-lopez-jaen
s893,martin-slanar
ta46,bernard-tomic
g940,sam-groth
f491,adam-feeney
j361,greg-jones
m984,david-marrero
bd20,thomaz-bellucci
h563,guillermo-hormazabal
p519,julio-peralta
r814,guillermo-rivera-aranguiz
e180,mikhail-elgin
j279,frederic-jeanclaude
me31,vincent-millot
pd31,benoit-paire
d479,sebastian-decoud
f433,franco-ferreiro
sg64,joao-souza
m854,vasilis-mazarakis
c786,kamil-capkovic
n349,conor-niland
ca93,pavel-chekhov
l615,daniel-lustig
sc03,jasper-smit
sf62,tim-smyczek
f376,alberto-francis
k834,blaz-kavcic
pc78,ante-pavic
v495,luca-vanni
v564,antonio-veic
z262,deni-zmak
a494,karim-alayli
bd00,roman-borvanov
l772,shane-la-porte
h940,ryan-harrison
ma49,rui-machado
sh90,joao-sousa
s483,pedro-sousa
sc19,jose-antonio-sanchez-de-luna
a874,miguel-almeida
a564,hugo-anao
g571,jose-manuel-garcia-rodriguez
y150,juan-pablo-yunis
mb53,adrian-menendez-maceiras
pc70,marcelo-palacios-siegenthale
v571,andoni-vivanco-guzman
me17,matteo-marrai
v346,martin-vacek
k406,christopher-kas
g967,peter-gojowczyk
sg13,stefan-seifert
f586,thomas-fabbiano
bg52,jaan-frederik-brunken
pb22,peter-polansky
bf60,saad-benkirane
k980,reda-karakhi
se07,mohamed-saber
h379,andres-schneiter
s938,bruno-soares
a622,andrea-arnaboldi
r934,nicolas-reissig
p471,francesco-piccari
d361,massimo-dell'acqua
ga26,jurgen-gundera
o305,philipp-oswald
r996,marc-rath
o253,dawid-olejniczak
c666,adrian-cruciat
i236,uladzimir-ignatik
ca99,marius-copil
se83,alexander-slabinsky
be90,ricardas-berankis
k945,blazej-koniusz
d526,raphael-durek
s637,jurek-stasiak
w442,michal-wlodarczyk
z125,jedrzej-zarski
a412,andrea-agazzi
e669,patrick-eichenberger
l335,robert-lindstedt
r644,alexandre-renard
se20,thomas-schoeck
v379,izak-van-der-merwe
p605,jaroslav-pospisil
t269,nicolas-todero
g551,santiago-gonzalez
sg88,alexander-sadecky
k826,nikita-kryvonos
g861,tim-goransson
n506,henrik-norfeldt
be77,carl-bergman
o174,justin-o'neal
bb68,stephen-bass
sf36,igor-sijsling
e224,victor-estrella-burgos
c768,lester-cook
e629,colin-ebelthite
a620,rafael-arevalo
f464,luis-manuel-flores
c918,erik-chvojka
k858,chris-klingemann
ma96,tigran-martirosyan
a759,jean-yves-aubone
me82,adrian-mannarino
z198,caio-zampieri
g802,ilie-aurelian-giurgiu
i094,victor-ionita
mh59,valentin-mihai
x011,jun-chao-xu
mh61,ya-nan-ma
m747,frank-moser
i183,yuichi-ito
j338,romain-jouan
bf25,ilya-belyaev
k407,alexey-kedryuk
kb54,andrey-kuznetsov
sl56,ilia-starkov
k771,marsel-ilhan
l698,karlis-lejnieks
se69,ivan-sergeyev
mf71,denys-molchanov
g642,andrei-gorban
k872,andrei-karatchenia
sh77,artem-smirnov
d875,grigor-dimitrov
n558,n.sriram-balaji
pc36,vignesh-peranamallur
sg33,sanam-singh
se73,yuichi-sugita
v502,ranjeet-virali-murugesan
k459,sadik-kadir
be54,ruben-bemelmans
k964,brydan-klein
g822,riccardo-ghedin
d752,niels-desein
mh30,john-millman
p646,carlos-poch-gradin
k609,raven-klaasen
h635,ross-hutchins
a438,andrew-anderson
w421,fritz-wolmarans
sk41,nicolaas-scholtz
o317,francisco-olivares
p713,miquel-perez-puigdomenech
ta17,angel-torres
u105,ricardo-urzua-rivera
bd05,luka-belic
si06,antonio-sancic
t762,josko-topic
pc09,jose-pereira
cc66,andrea-collarini
a674,juan-pablo-amado
n348,lionel-noviski
j397,jerzy-janowicz
me86,pierre-metenier
d729,jonathan-dasnieres-de-veigy
z211,adrians-zguns
kb05,filip-krajinovic
j309,brett-joelson
bc35,eric-butorac
g935,sergio-gutierrez-ferrol
mi75,rafael-mazon-hernandez
e698,gastao-elias
t771,leonardo-tavares
ce32,rodrigo-carvalho
f607,goncalo-falcao
m021,pablo-martin-adalia
pc39,vasco-pascoal
k668,sascha-kloer
k719,gero-kretschmer
sk94,cedrik-marcel-stebe
bd80,attila-balazs
l987,dusan-lajovic
ra17,guillaume-rufin
f432,alexander-flock
sb15,pablo-santos
me05,marinko-matosevic
t982,tsung-hua-yang
be68,tomislav-brkic
bi23,liam-broady
mh15,joshua-milton
mi41,george-morgan
be03,maxime-bonami
c648,julien-cassaigne
k447,mait-kunnap
z162,holger-zuehlsdorff-pavlovic
w521,marcus-willis
e688,markus-eriksson
la94,christian-lindell
n546,david-nord
r931,patrik-rosenholm
sj15,milos-sekulic
a961,matthew-allare
n563,dennis-nevolo
r532,michael-rubin
d874,federico-delbonis
c736,olivier-charroin
t964,patrick-taubert
j386,steve-johnson
kb02,robert-khoury
l848,thomas-liversage
l761,james-ludlow
c706,nikola-ciric
d749,daniel-danilovic
mi43,gerald-melzer
o168,vladimir-obradovic
v624,ilija-vucic
z134,igor-zelenay
r975,milos-raonic
o327,guillermo-olaso
ca33,inigo-cervantes
mg08,yannick-mertens
v576,michael-venus
cb76,robert-coman
c996,alexandru-daniel-carpen
d961,tudor-dumitrescu
pb12,paul-mihai-puscasu
sj71,andrei-savulescu
i255,jean-noel-insausti
r822,laurent-rochette
sa81,dmitri-sitak
sh06,peerakit-siributwong
k384,sergei-krotiouk
k861,andrey-kumantsov
la45,alexander-lobkov
v627,stanislav-vovk
ka80,henri-kontinen
ml14,erik-moberg
n313,timo-nieminen
z254,jurgen-zopp
i241,alexey-iremashvili
pa46,filip-polasek
sk13,sergey-strelkov
z301,alexander-zhurbin
r851,mathieu-rodrigues
r977,matt-reid
h933,kaden-hensel
a806,miles-armstrong
ka43,matheson-klein
l951,joel-lindner
l900,james-lemke
mi55,logan-mackenzie
sg78,mikal-statham
k688,daniel-king-turner
ka22,dayne-kelly
j337,benjamin-janse-van-rensburg
ra24,ruan-roelofse
bf23,facundo-bagnis
g892,alejandro-gonzalez
bg23,nikoloz-basilashvili
f454,colin-fleming
f378,john-paul-fruttero
h808,harri-heliovaara
k650,leonardo-kirche
v620,agustin-velotti
sf48,olivier-sajous
d353,jose-de-armas
v410,john-valenti
e655,reda-el-amrani
bd73,mehdi-benhammou
c866,jose-checa-calvo
w238,talal-ouahabi
f377,holger-fischer
sl28,jan-lennard-struff
lb51,julian-lenz
sf93,oscar-sabate-bretos
t897,david-thurner
bd42,agustin-boje-ordonez
n605,jose-ricardo-nunes
p728,morgan-phillips
t963,martin-trueva
bf45,charles-antoine-brezac
bf27,adrien-bossel
e223,martin-emmrich
h788,treat-huey
bi50,lewis-burton
c893,nick-cavaday
gc38,oliver-golding
i200,dominic-inglot
e764,justin-eleveld
kb09,denis-kudla
me04,fabrice-martin
ba79,andre-begemann
bh09,aljaz-bedene
mf35,andrej-martin
cd61,jordan-cox
rb49,lucas-renard
sc54,andreas-siljestrom
c663,rabie-chaki
l653,haydn-lewis
sf11,michael-shabaz
g922,gerard-granollers
t816,clinton-thomson
k718,roman-vogeli
w562,matthias-wolf
ka98,bradley-klahn
z272,ze-zhang
b649,kornel-bardoczky
si56,janez-semrajc
d934,marin-draganja
pb13,grzegorz-panfil
r588,nicolas-renavand
f525,robert-farah
be93,chase-buchanan
c853,pedro-clar-rossello
si78,blake-strode
v490,matteo-viola
f724,marton-fucsovics
h996,pierre-hugues-herbert
sj52,michal-schmid
mi11,axel-michon
a633,victor-mugurel-anagnastopol
m744,karim-maamoun
w579,alexander-ward
cb11,dane-chuntraruk
ka72,warut-korkiatthaworn
n433,pongsiri-niroj
mi01,hiroki-moriya
be69,yan-bai
l733,zhe-li
g764,ervand-gasparyan
mj56,richard-muzaev
p693,deniss-pavlovs
kb56,micke-kontinen
a829,radu-albot
ca60,andrei-ciumac
kd19,svyatoslav-knyazev
r927,vitali-reshetnikov
gb88,david-goffin
mg55,nikolaus-moser
r852,clement-reix
d893,marko-djokovic
v505,vishnu-vardhan
r762,rupesh-roy
sk02,karunuday-singh
w394,ludovic-walter
ba77,arnau-brugues-davi
r895,florian-reynet
lb07,gonzalo-lama
v628,juan-sebastian-vivanco
be67,mirza-basic
mf90,kristijan-mesaros
mg75,marko-mijacevic
t999,maxime-teixeira
h673,jonathan-hilaire
g817,pablo-galdon
sm37,diego-schwartzman
v329,juan-pablo-villar
sm25,jack-sock
sf18,rudolf-siwy
y114,daniel-yoo
cd85,pablo-carreno-busta
z163,mehdi-ziadi
c834,juan-sebastian-cabal
d928,francisco-dias
z246,miljan-zekic
bf89,dennis-bloemke
mi08,javier-marti
r758,sebastian-rieschick
d750,kenny-de-schepper
mk08,james-marsalek
mf36,miloslav-mecir
bc36,gregoire-burquier
pd07,vasek-pospisil
o269,greg-ouellette
bf17,devin-britton
v642,mark-verryth
bd34,stefan-borg
bg48,patrik-brydolf
sp25,fred-simonsson
pd24,borut-puc
e811,elmar-ejupovic
f762,florian-fallert
sm03,sebastian-sachs
l908,nils-langer
si72,wil-spencer
kc11,daniel-kosakowski
sm74,austin-smith
sn72,mac-styslinger
tc25,gabriel-townes
ga71,laurynas-grigelis
k959,sahr-timothy-kpulun
l949,henri-laaksonen
a517,marc-auradou
n670,hugo-nys
pd83,martin-prikryl
sj01,luca-schena
mh98,dino-marcan
a837,toni-androic
f727,marin-franjicevic
l856,christoph-lessiak
sf41,aldin-setkic
u133,mike-urbanija
gb30,daniel-geib
gd73,jaden-grinter
r601,max-raditschnigg
t984,bastian-trinker
w612,tristan-samuel-weissborn
hb05,christian-harrison
h896,jose-hernandez-fernandez
j267,malek-jaziri
w522,rhyne-williams
f733,mitchell-frank
g983,alessandro-giannessi
t911,peter-torebko
tc13,luca-george-tatomir
l950,alexandar-lazov
pf14,stanislav-poplavskyy
w471,amir-weintraub
pg74,aviruth-phaphui
bd82,sergey-betov
f703,mikhail-fufygin
rb17,alexander-rumyantsev
sm05,ilia-shatskiy
bd83,aliaksandr-bury
tb69,dominic-thiem
a789,maxime-authom
d994,james-duckworth
l837,michael-look
bh87,maverick-banes
sm09,luke-saville
v784,gavin-van-peperzeel
ga94,prajnesh-gunneswaran
j465,mohit-mayur-jayaprakash
mk40,benjamin-mitchell
bj28,anton-bettink
a941,facundo-arguello
a539,martin-alund
me56,andres-molteni
sj25,cristobal-saavedra-corvalan
ta29,marco-trungelliti
kb92,kevin-krawietz
k918,dimitar-kutrovsky
l784,dennis-lajola
a380,clayton-almeida
sn44,bruno-santanna
o411,albano-olivetti
pd44,nicolas-pastor
ka00,austin-krajicek
l831,denes-lukacs
n738,nicholas-naumann
gc52,vasile-alexandru-ghilea
mb26,andrei-mlendea
lb69,sebastian-lavie
o340,roberto-ortega-olmedo
mg47,james-mcgee
la93,enrique-lopez-perez
b881,tomasz-bednarek
d985,joao-domingues
mk39,vasco-mensurado
h984,stephan-hoiss
rc04,alexander-ritschard
sh37,marc-sieber
g985,carlos-gomez-herrera
l941,michael-linzer
cc54,nikola-cacic
ma36,gabriel-moraru
so57,adam-sanjurjo-hermida
cf01,marco-cecchinato
f693,andrew-fitzpatrick
pf00,mate-pavic
sj55,john-patrick-smith
ml71,alban-meuffels
f392,marcel-felder
e831,kyle-edmund
d923,damir-dzumhur
o459,robin-olin
pa74,oskar-pallin
kd87,evgeny-karlovskiy
n663,maximilian-neuchrist
sq14,blaz-seric
t868,walter-trusendi
bc14,marin-bradaric
gb61,viktor-galovic
mf54,ivo-mijic
so56,jose-antonio-salazar-martin
bj51,drake-bernstein
kb14,kevin-king
mj69,luca-margaroli
n637,mbonisi-ndimande
bh76,riccardo-bellotti
db59,dennis-novak
mg84,nicolas-meister
d716,jeff-dadamo
tb84,clay-thompson
q945,eric-quigley
rc86,john-harrison-richmond
n674,dennis-novikov
a887,guido-andreozzi
kc12,mitchell-krueger
sl08,tennys-sandgren
v613,andrei-vasilevski
f620,nikolai-fidirko
n561,ivan-nedelko
u107,volodoymyr-uzhylovskyi
d908,philipp-davydenko
pb24,alexandre-penaud
kb62,austin-karosi
sa86,yew-ming-si
u134,yasutaka-uchiyama
w481,kittipong-wachiramanowong
i326,pruchya-isaro
kb80,nuttanon-kadchapanan
pa97,n-vijay-sundar-prashanth
r513,jean-julien-rojer
w723,pol-wattanakul
n503,aleksandr-nedovyesov
z248,dzmitry-zhyrmont
ab12,isak-arvidsson
mj01,roberto-marcora
mm78,jonathan-mridha
w571,di-wu
sk47,mohamed-safwat
a584,theodoros-angelinos
mh48,vijayant-malik
me64,saketh-myneni
rb86,sidharth-rawat
sd46,divij-sharan
bh98,matthew-barton
ac76,jay-andrijic
bi81,alex-bolt
n771,cameron-norrie
d916,steven-diez
pf39,lucas-pouille
tc61,jordan-thompson
a787,ivan-arenas-gualda
mk26,jules-marie
pe02,danilo-petrovic
ra62,sami-reinwein
gd64,cristian-garin
c775,julio-cesar-campozano
pb37,hans-podlipnik-castillo
v763,filip-veger
cg80,borna-coric
j380,jason-jung
cc32,guilherme-clezar
o376,renzo-olivo
z178,denis-zivkovic
pc96,john-peers
ga48,takanyi-garanganga
i201,yassine-idmbarek
cf59,roberto-carballes-baena
e780,sandro-ehrat
bg08,moritz-baumann
kb43,robin-kern
ch84,felipe-cunha-silva
gd84,andre-gaspar-murta
bg63,richard-becker
mm02,alexandre-massa
ke17,nick-kyrgios
v708,jiri-vesely
d981,arthur-de-greef
bk19,mathias-bourgue
hb64,quentin-halys
kc04,jozef-kovalik
mn13,maximilian-marterer
sr71,vitalii-shcherba
bk05,luke-bambridge
d763,marcus-daniell
hb89,evan-hoyt
d833,marcelo-demoliner
pf65,filip-peliwo
r923,david-rice
dc58,jared-donaldson
bl61,filip-bergevi
tb42,igor-tubic
w739,daniel-windahl
k909,andriej-kapas
ga36,emilio-gomez
lb84,juan-ignacio-londero
d815,fabiano-de-paula
q017,michael-quintero
c922,jamie-cerretani
ga46,sergio-galdos
hc18,takura-happy
h836,tyler-hochwalt
o420,dean-o'brien
la54,wilson-leite
cb58,henrique-cunha
me70,alejandro-mendoza
pg91,loic-perret
sk30,carlos-eduardo-severino
kd14,duje-kekez
db69,tomislav-draganja
h986,tom-kocevar-desman
mf30,miha-mlakar
z270,luka-zaninovic
g925,tihomir-grozdanov
ga79,lorenzo-giustino
j393,jarmere-jenkins
mk66,mackenzie-mcdonald
ke29,karen-khachanov
bh66,mikhail-biryukov
bi53,victor-baluda
ce98,fedor-chervyakov
e857,evgeny-elistratov
i295,alexander-igoshin
sq56,kirill-saplin
v820,mikhail-vaks
z349,anton-zaitcev
z355,alexander-zverev
z307,muhammad-ashaari-bin-zainal-abidin
n652,ji-sung-nam
ha89,jui-chen-hung
ke43,chayanon-kaewsuto
bk41,punnakrit-kritakara
so02,warit-sornbutnark
kc56,aslan-karatsev
gc89,egor-gerasimov
j321,roman-jebavy
lb66,constant-lestienne
y218,elias-ymer
da02,maxim-dubarenco
j401,lukas-jastraunig
la50,philip-lang
kd46,thanasi-kokkinakis
da81,taro-daniel
rb56,ramkumar-ramanathan
gb93,norbert-gombos
cd00,maxime-chazal
pl36,rhett-purcell
ra51,blaz-rola
cg94,enzo-couacaud
gb13,germain-gigounon
hb29,andrew-harris
ab17,andres-artunedo-martinavarro
ca62,erik-crepaldi
j347,yannick-jankovits
lc12,laurent-lokoli
mm24,bastian-malla
sl89,matias-sborowitz
kd70,pedja-krstin
n679,stefano-napolitano
q948,gianluigi-quinzi
se78,adrian-sikora
bh02,sekou-bangoura
ge61,connor-glennon
ga72,joan-marc-grimal-ferrer
r736,miguel-angel-reyes-varela
so70,joe-salisbury
sk06,david-souto
e701,ivan-endara
kf85,daniel-kerznerman
r805,sebastian-rivera
sl94,pedro-sakamoto
mj08,thiago-monteiro
tb05,alexandre-tsuchiya
w640,joao-walendowsky
kb95,jason-kubler
ad56,srikar-alla
f811,bjorn-fratangelo
l996,juan-lizariturry
aa81,romain-arneodo
v717,alexey-vatutin
sk51,tobias-simon
sh91,jordi-samper-montana
pc37,goncalo-pereira
rb60,oriol-roca-batalla
va15,duarte-vale
v758,david-vega-hernandez
ta12,stefano-travaglia
da89,mate-delic
mm66,nikola-milojevic
v790,martin-vaisse
cg33,kimmer-coppejans
lc11,tristan-lamasine
pc68,tim-puetz
z357,lennart-zynga
bm43,remi-boutillier
o481,myles-orton
e757,hiroyasu-ehara
gd13,michael-grant
gc36,richard-gabb
mn74,jathan-malik
bh94,tobias-blomgren
d935,gibril-diarra
si74,henrik-sillanpaa
h997,yannick-hanfmann
ch12,jan-choinski
bc76,nicolas-barrientos
r835,cesar-ramirez
a853,marcelo-arevalo
sg54,juan-carlos-spir
cg92,jose-fernando-carvajal-torres
ge33,daniel-elahi-galan
rc33,mateo-andres-ruiz-naranjo
mj98,facundo-mena
o558,becker-o'shaughnessey
sq48,ryan-shane
td51,frances-tiafoe
mj89,gianni-mina
ke04,jessy-kalambay
o410,julien-obry
r408,thierry-roggi
z239,federico-zeballos
ph42,matija-pecotic
sp80,nino-serdarusic
mj71,mats-moraing
ad49,jordi-arconada
cg49,andrew-carter
sp24,brayden-schnur
gc88,marcos-giron
hb56,jonathan-ho
lc37,adam-lee
n732,yoshihito-nishioka
e873,ernesto-escobedo
ac84,collin-altamirano
ch27,hyeon-chung
ke64,stefan-kozlov
ga84,daniel-glancy
mw02,corentin-moutet
ra15,elie-rousset
sq86,hugo-schott
t885,kento-takeuchi
n480,jeevan-nedunchezhiyan
n598,takuto-niki
sg95,bumpei-sato
mk29,stefan-merunka
sn90,syed-mohd-agil-syed-naguib
o427,bowen-ouyang
lc90,siyu-liu
q949,zhuoyang-qiu
tg30,rigele-te
w741,aoran-wang
w614,chuhan-wang
sk97,yaraslav-shyla
mm58,daniil-medvedev
i067,vladimir-ivanov
y268,mikael-ymer
sm71,vinayak-sharma-kaza
mp13,sasikumar-mukund
j551,nicolas-jarry
ha03,liang-chi-huang
j553,omar-jasika
pc29,dane-propoggia
mm79,blake-mott
pg32,adam-pavlasek
pg94,marc-polmans
bk24,gregoire-barrere
mp01,michael-mmoh
l812,tiago-lopes
n532,fabricio-neis
re44,andrey-rublev
kb12,pavel-krainik
rc96,noah-rubin
db63,laslo-djere
d787,guillermo-duran
bk68,francisco-bahamonde
da31,hugo-dellien
fb98,taylor-fritz
cg04,pedro-cachin
w586,jean-marc-werner
mu94,jaume-munar
da13,dragos-dima
a943,vasile-antonescu
ab90,bogdan-ionut-apostol
cf25,victor-vlad-cornea
dc51,nuno-deus
mg99,jordi-munoz-abreu
t929,yannick-thivant
y193,efe-yurtacan
ac01,roberto-affonso
da67,matteo-donati
ml57,gianluca-mager
a704,gleb-alekseenko
j513,miki-jankovic
ra82,yannik-reuter
hb48,calvin-hemery
ca71,edward-corrie
bj05,harry-bourchier
w630,andrew-whittington
gb42,alejandro-gomez
sl07,alexander-sarkissian
gb41,juan-sebastian-gomez
si36,eduardo-struvay
mp33,juan-montes
mw54,dragos-nicolae-madaras
t948,matteo-trevisan
l899,filippo-leonardi
mp22,mladen-mitak
sn04,dmitry-surchenko
sl92,shuichi-sekiguchi
b09a,trent-bryde
pl56,tommy-paul
sp05,evan-song
gb53,federico-gaio
lc58,tomas-lipovsek-puches
kc86,darian-king
bf12,pascal-brunner
hc99,lenny-hampel
mf78,marek-michalicka
mo55,lucas-miedler
bm19,deiton-baughman
ml73,skander-mansouri
kc29,nicolas-kicker
n555,daniel-nguyen
o522,reilly-opelka
td47,evgenii-tiurnev
bk92,alexander-bublik
pf03,vladimir-polyakov
v850,alexander-vasilenko
d917,sadio-doumbia
gc03,teri-groll
so25,tom-schonenberg
ab68,ahmed-deedat-abdul-razak
v883,ilya-vasilyev
z371,zhizhen-zhang
tc95,johan-tatlot
sx90,fajing-sun
x014,haitong-xia
sk67,jan-satral
z419,bernabe-zapata-miralles
ha28,filip-horansky
sx81,carl-soderlund
gb71,marc-giner
te16,carlos-taberner
v824,mario-vilella-martinez
ad23,oliver-anderson
le01,duckhee-lee
v832,aleksandar-vukic
j620,maxime-janvier
q941,roberto-quiroz
ce25,salvatore-caruso
n830,johan-nikles
bu54,geoffrey-blancaneaux
k906,michal-konecny
sn54,frederico-ferreira-silva
wb25,louis-wessels
mn20,daniel-masur
gc54,scott-griekspoor
pg20,dmitry-popko
pg69,juan-pablo-paz
su55,denis-shapovalov
e865,christopher-eubanks
si82,manuel-sanchez
ch73,petros-chrysochos
v942,tim-van-rijthoven
i305,ilya-ivashka
da86,joris-de-loore
tc11,marko-tepavac
sq80,akira-santillan
mh16,yannick-maden
o513,sebastian-ofner
te51,stefanos-tsitsipas
dh58,alex-de-minaur
o483,christopher-o'connell
ta04,finn-tearney
rh16,casper-ruud
ka46,yuya-kibi
mn44,bradley-mousley
v812,botic-van-de-zandschulp
ki95,miomir-kecmanovic
af32,amine-ahouda
dh50,alejandro-davidovich-fokina
o482,goncalo-oliveira
ki74,nicola-kuhn
ae14,daniel-altmaier
mi33,petr-michnev
bm95,benjamin-bonzi
hb35,maxime-hamou
o449,oscar-otte
o408,ricardo-ojeda-lara
sj22,gleb-sakharov
mq75,kamil-majchrzak
hg86,lloyd-harris
ci14,jay-clarke
bt45,william-blumberg
m0ac,rudolf-molleker
bk12,adrian-bodmer
ha47,alexios-halebian
ld26,edan-leshem
bf98,alessandro-bega
sk69,joao-pedro-sorgi
kb37,evan-king
gh92,borna-gojo
ke73,dominik-koepfer
sn77,vaclav-safranek
ab71,jc-aragone
bk40,matteo-berrettini
ag37,felix-auger-aliassime
i306,cem-ilkel
sl09,raymond-sarmiento
hh26,ugo-humbert
x015,zihao-xia
ph71,max-purcell
tf58,yusuke-takahashi
kh56,zdenek-kolar
n897,sumit-nagal
p09z,alexei-popyrin
co06,liam-caruana
su87,lorenzo-sonego
hb71,hubert-hurkacz
mj70,karim-mohamed-maamoun
p09o,zsombor-piros
e661,gonzalo-escobar
gj37,tallon-griekspoor
cg07,hernan-casanova
k0a3,patrick-kypson
mo44,pedro-martinez
mm60,joao-monteiro
bm03,filippo-baldi
ce77,federico-coria
c0az,antoine-cornut-chauvinc
mw76,matteo-martineau
j400,jeremy-jahn
m0cg,marko-miladinovic
mp20,alexandre-muller
df92,corentin-denolly
n607,miliaan-niesten
ki48,ergi-kirkin
ha71,antoine-hoang
gd08,lloyd-glasspool
rg42,alex-rybakov
hh06,marc-andrea-huesler
p0d0,jakub-paul
wb08,yosuke-watanuki
kd35,thai-son-kwiatkowski
e768,antoine-escoffier
hb41,jared-hiltzik
pe42,luis-pati√±o
r09x,jurij-rodionov
w09g,j.j.-wolf
k0ah,sebastian-korda
n0ae,brandon-nakashima
sx50,roman-safiullin
hb59,yecong-he
wb32,yibing-wu
li39,alexandar-lazarov
n0b4,ryan-nijboer
sx91,thiago-seyboth-wild
bt68,elliot-benchetrit
o507,julian-ocleppo
s0ag,jannik-sinner
u120,kaichi-uchida
gh33,manuel-guinard
g09o,hugo-gaston
tc12,mikael-torpegaard
ch05,altug-celikbilek
j0a4,paul-jubb
kf17,soonwoo-kwon
mp83,gian-marco-moroni
ge73,jacob-grills
k0cj,sandro-kopp
kg27,strong-kirchheimer
b0cd,jenson-brooksby
mn70,joao-menezes
a0ao,alen-avidzba
dg97,artem-dubrivnyy
rh54,rayane-roumane
